user_id,username,email.facebook,email.twitter,address.street,address.city,address.state,address.zip,user_type,date_registered,account_status
100000,Destiny Scott,ac.arcu@yahoo.couk,scelerisque.mollis@outlook.com,"P.O. Box 435, 710 Curabitur Road",Heerhugowaard,Bình Thuận,57320,Business,6/14/2023 8:39,Open
100001,Eliana Bullock,aptent@icloud.couk,ipsum@icloud.edu,384-5488 Mi Avenue,Changi,Baden Württemberg,68886,Business,2/24/2024 4:02,Open
100002,Eliana Estes,tristique.pharetra@aol.com,tellus.sem@yahoo.org,"P.O. Box 246, 4164 Nunc Road",Belfast,Västra Götalands län,98675,Business,6/27/2023 2:56,Open
100003,Brielle Dorsey,magna.sed@hotmail.edu,fringilla.mi@hotmail.com,Ap #921-8218 Tempor Road,Kohima,Mazowieckie,59304,Business,12/27/2023 12:04,Closed
100004,Ralph Duncan,ipsum.nunc@outlook.couk,sed.turpis@aol.edu,580-6980 Id Street,Chernogolovka,Sląskie,41723,Personal,1/31/2024 11:23,Closed
100005,Joelle Mcfadden,pede.nunc@hotmail.couk,metus.vitae.velit@hotmail.ca,481-2091 At Av.,Cork,Kogi,92540,Personal,5/18/2023 17:31,Open
100006,Yael Gilmore,faucibus.morbi@protonmail.couk,turpis@hotmail.net,8017 Adipiscing. Avenue,San Pablo,Tasmania,31343,Personal,12/18/2023 11:46,Open
100007,Zeus Hayden,est.vitae@aol.net,nullam.lobortis.quam@google.couk,"P.O. Box 555, 8719 Malesuada Rd.",Gansu,Arauca,67138,Business,5/18/2023 5:26,Closed
100008,Carol Mcknight,feugiat@outlook.ca,adipiscing.fringilla@outlook.edu,Ap #331-3408 Gravida Av.,Los Mochis,Bahia,75477,Business,2/20/2024 19:26,Open
100009,Cara Arnold,inceptos.hymenaeos@icloud.org,est.mauris@icloud.couk,3855 Aliquam Ave,Blitar,Waals-Brabant,99737,Personal,2/2/2024 6:19,Open
100010,Rebekah Murphy,ipsum@yahoo.ca,justo@outlook.org,414-9069 Arcu. St.,General Lagos,Opolskie,73284,Business,11/24/2023 17:03,Closed
100011,Libby Duran,odio.auctor.vitae@google.couk,adipiscing.elit@google.org,Ap #216-7562 Fermentum Av.,Nicoya,Buckinghamshire,99646,Personal,10/6/2023 19:43,Open
100012,Jaden Battle,aliquet.lobortis@aol.edu,morbi@outlook.couk,Ap #994-3389 Consectetuer St.,Chungju,Limpopo,80256,Business,12/15/2023 8:41,Closed
100013,Leandra Horn,magna.duis@icloud.edu,cras.vulputate.velit@outlook.com,Ap #182-5010 Auctor St.,Murmansk,Connacht,66774,Business,5/19/2023 17:01,Open
100014,Addison Pugh,leo.in@google.edu,habitant.morbi@aol.org,Ap #435-155 Proin Road,Suruç,North Island,12941,Personal,1/1/2024 14:31,Closed
100015,Cara Kirkland,adipiscing.mauris@yahoo.org,quis.diam@aol.net,551-5824 Ut Ave,Cherkasy,Salzburg,63465,Personal,12/24/2023 21:20,Closed
100016,Garrett Salazar,aenean.euismod@protonmail.couk,elit.pretium@outlook.org,7038 Cum Av.,Cork,Huáběi,34911,Business,2/15/2024 17:43,Open
100017,Felix Lucas,ante@hotmail.com,quisque@aol.couk,Ap #922-6318 Imperdiet Street,Mukachevo,Trøndelag,61212,Business,6/28/2023 10:00,Open
100018,Mechelle Maxwell,arcu@icloud.com,cras.vulputate@hotmail.com,Ap #378-3137 Integer Av.,La Roche-sur-Yon,North Maluku,58349,Personal,10/23/2023 8:55,Open
100019,Jamal Perez,magna@protonmail.com,quisque.libero@yahoo.edu,Ap #342-7561 Molestie Road,Semarang,Basilicata,60892,Business,1/17/2024 6:09,Closed
100020,Ria Todd,vitae@hotmail.org,ut.molestie@icloud.ca,8585 Aliquam Avenue,Yeongju,North Jeolla,91573,Business,11/29/2023 23:43,Closed
100021,Illiana Love,pellentesque.ultricies.dignissim@icloud.com,lobortis.quis.pede@yahoo.edu,"Ap #763-2406 Enim, Street",Telde,Berlin,62186,Business,11/6/2023 17:02,Open
100022,Matthew Whitley,quam.a@aol.org,velit.egestas@icloud.edu,647-7505 Vivamus Rd.,Probolinggo,Huádōng,40532,Personal,3/23/2024 9:17,Closed
100023,Roanna Allen,aliquam.iaculis@icloud.couk,nunc@google.net,Ap #409-2355 Ante St.,Osimo,Östergötlands län,42381,Business,2/15/2024 2:36,Closed
100024,Hermione Reilly,dui.lectus@yahoo.couk,erat.vivamus@hotmail.com,Ap #541-4945 Eu Avenue,Hamilton,Rio Grande do Sul,14448,Business,2/17/2024 16:05,Closed
100025,Ferdinand Greer,ut.pellentesque.eget@google.com,erat.eget@google.org,245-5263 In St.,Mokpo,Lincolnshire,54629,Personal,8/23/2023 21:22,Open
100026,Chase Gallegos,parturient.montes@yahoo.edu,ante.blandit@icloud.ca,Ap #191-4899 Enim. Avenue,Parramatta,Western Cape,81346,Personal,8/28/2023 5:23,Closed
100027,Evangeline Sweeney,tempus.scelerisque@aol.couk,aliquet.libero@icloud.net,Ap #756-6618 Aliquet Street,Hoeilaart,Carinthia,52766,Personal,8/27/2023 2:25,Closed
100028,Gage Brock,sed@aol.org,justo.faucibus@protonmail.com,755-8136 Suspendisse Rd.,Aguachica,Suffolk,55639,Personal,6/25/2023 22:14,Open
100029,Basia Thompson,enim.curabitur@yahoo.net,gravida@google.net,6057 Enim. Avenue,Bauchi,Sindh,27111,Business,11/23/2023 17:13,Open
100030,Kasimir Hawkins,felis.ullamcorper.viverra@protonmail.com,cursus@google.couk,"Ap #922-7221 Dui, Road",Bastia,Northern Cape,20554,Personal,7/7/2023 10:07,Open
100031,Zahir Padilla,porttitor@hotmail.net,ac.risus@aol.net,689-5036 Lectus Rd.,Bilbo,Lima,49199,Business,10/24/2023 17:57,Open
100032,Amy Church,sagittis.nullam@hotmail.net,augue@hotmail.net,"P.O. Box 643, 5863 Habitant Ave",Lutsel K'e,Nordland,27611,Business,9/7/2023 23:10,Open
100033,Channing Quinn,tincidunt.dui@aol.edu,aliquam.erat.volutpat@aol.com,"P.O. Box 809, 2282 Congue Avenue",Jeongeup,Utrecht,53362,Personal,10/1/2023 11:01,Closed
100034,Echo Cain,tristique.senectus.et@aol.net,et.magnis@hotmail.couk,Ap #882-9260 Hendrerit. Rd.,Tauranga,New South Wales,56423,Business,3/18/2024 8:36,Closed
100035,Tana Whitney,vivamus.nibh.dolor@outlook.couk,non.enim@aol.com,"P.O. Box 890, 8348 Congue St.",Juliaca,North Gyeongsang,62272,Business,7/21/2023 13:23,Open
100036,Daquan Doyle,mauris.magna@protonmail.couk,mi.eleifend.egestas@outlook.net,2191 Imperdiet Road,Hamburg,Munster,53744,Business,10/24/2023 7:09,Closed
100037,Timothy Rowe,auctor.odio@google.edu,egestas.sed@icloud.couk,"Ap #861-7504 In, Av.",Nizip,Alajuela,53574,Business,5/16/2023 8:43,Open
100038,Julian Singleton,penatibus.et@icloud.ca,sociis@google.couk,Ap #497-5073 Nunc St.,Ried im Innkreis,Connacht,28111,Personal,12/12/2023 0:44,Closed
100039,Demetria Bishop,dui.quis@hotmail.ca,odio.vel@icloud.ca,5296 Turpis Rd.,Santa Rosa de Cabal,Zamboanga Peninsula,98314,Business,3/21/2024 13:51,Closed
100040,Sheila Franklin,ligula@icloud.ca,ridiculus.mus@icloud.couk,Ap #719-4773 Nullam Road,Jilin,West-Vlaanderen,66818,Business,12/5/2023 4:19,Open
100041,Gloria Nicholson,leo@hotmail.couk,metus.eu@aol.org,"P.O. Box 975, 6894 Ullamcorper Road",Da Lat,Puno,29135,Personal,3/30/2024 7:53,Open
100042,Kelsey Brock,mus.proin@yahoo.ca,erat.sed@protonmail.net,3694 Suscipit Street,Volgograd,Cartago,66432,Business,2/18/2024 5:41,Open
100043,Wang Horn,tempor.est@hotmail.net,in.hendrerit@hotmail.net,Ap #454-413 Eleifend Rd.,Saavedra,Emilia-Romagna,36850,Business,7/8/2023 20:57,Open
100044,Carter Barnett,purus.sapien.gravida@protonmail.ca,nisi.mauris@protonmail.org,Ap #509-7575 Ut St.,Ankara,Paraíba,88835,Business,3/30/2024 15:22,Closed
100045,Kiara Ellis,non.vestibulum@yahoo.edu,sit@outlook.org,340-1260 Non St.,Brampton,Ontario,20850,Personal,3/11/2024 18:40,Closed
100046,Brett Fields,aliquam.ultrices.iaculis@protonmail.com,nibh@icloud.com,Ap #825-1027 Felis Rd.,Essene,Brussels Hoofdstedelijk Gewest,84761,Personal,6/14/2023 14:19,Open
100047,Jacob Fisher,accumsan.convallis@icloud.edu,suspendisse.sed@protonmail.net,422-3125 Est. St.,Feilding,Antioquia,84263,Personal,4/30/2024 6:32,Open
100048,Irene Wood,mauris@protonmail.net,et.magnis.dis@outlook.couk,Ap #588-2046 Turpis. Ave,Navojoa,Vestfold og Telemark,71656,Personal,12/1/2023 8:08,Open
100049,Lois Myers,ac.sem@google.couk,mauris.eu@protonmail.org,Ap #650-1685 Cursus Av.,Canberra,Languedoc-Roussillon,63371,Personal,10/10/2023 10:54,Closed
100050,Macon Love,neque.nullam.ut@outlook.org,sit@icloud.ca,Ap #953-8967 Aliquam Ave,Iquitos,Małopolskie,33142,Business,10/18/2023 10:27,Closed
100051,Nell Cunningham,quisque.libero.lacus@google.com,integer.vitae@outlook.edu,"P.O. Box 233, 7413 Eleifend, Av.",Kallo,Northern Territory,16984,Personal,6/3/2023 0:49,Open
100052,Francis Cohen,lobortis.mauris@icloud.couk,diam.lorem@protonmail.couk,"Ap #851-4711 Pharetra, Street",Teruel,Zamboanga Peninsula,42545,Business,7/8/2023 4:17,Open
100053,Aphrodite Bright,sagittis@outlook.couk,tristique.senectus@hotmail.couk,Ap #258-9454 Nisi Rd.,Port Nolloth,Antioquia,88434,Personal,1/3/2024 17:25,Closed
100054,Merritt Faulkner,nulla.interdum.curabitur@yahoo.couk,nam.ligula.elit@protonmail.com,7853 Magnis Street,Rugby,Sardegna,98106,Personal,1/2/2024 22:57,Closed
100055,Amal Coffey,urna.et@aol.org,malesuada.ut@hotmail.ca,510-8635 Mauris Av.,Chiclayo,Zhōngnán,71747,Personal,7/18/2023 2:52,Closed
100056,Odette Decker,malesuada@hotmail.net,sodales.at@icloud.com,172-8709 Sed St.,Beijing,Upper Austria,97239,Business,3/9/2024 22:19,Closed
100057,Fuller Henson,in@outlook.net,elit.sed@protonmail.net,Ap #674-8428 Donec Av.,Andernach,Heredia,24224,Business,3/26/2024 22:12,Open
100058,Alexander Haley,dolor.sit@outlook.couk,ac.fermentum@yahoo.edu,Ap #889-3001 Iaculis St.,Berlin,Leinster,35493,Business,10/24/2023 0:06,Closed
100059,Oleg Wolfe,mauris@protonmail.couk,iaculis.nec@icloud.ca,"Ap #353-3637 Consectetuer, St.",Canberra,Sardegna,75373,Business,8/2/2023 17:39,Closed
100060,Zephania Whitehead,purus.accumsan.interdum@aol.ca,nunc.ac@yahoo.net,Ap #869-4315 Orci Ave,Villa del Rosario,Moscow City,74331,Personal,7/4/2023 10:38,Closed
100061,Charlotte Wong,luctus@icloud.org,condimentum.donec.at@yahoo.ca,Ap #615-8476 Arcu. Road,Arequipa,Namen,64058,Business,6/8/2023 19:52,Open
100062,Holmes Casey,dictum@outlook.net,felis.adipiscing.fringilla@google.net,395-8671 Nunc Ave,Hudiksvall,North Region,53180,Business,9/27/2023 9:06,Open
100063,Lars Kemp,conubia.nostra@protonmail.net,nunc.lectus@protonmail.edu,116-1669 At Ave,Barrancabermeja,Principado de Asturias,83636,Personal,5/21/2023 0:18,Closed
100064,Marsden Duke,a.feugiat@hotmail.net,hendrerit.id.ante@protonmail.couk,Ap #465-290 Sed St.,Opole,Uttar Pradesh,47658,Business,10/5/2023 9:34,Open
100065,Kylynn Medina,fringilla.euismod.enim@google.com,imperdiet@icloud.ca,"Ap #213-2514 Eu, Avenue",Lahore,Extremadura,17614,Business,7/4/2023 19:09,Open
100066,Rhea Callahan,enim.nunc@aol.ca,ac@aol.net,Ap #518-3422 Nullam Ave,Simpang,Van,27403,Business,3/20/2024 6:23,Closed
100067,Curran Hubbard,cras@icloud.edu,mollis.integer.tincidunt@hotmail.net,Ap #196-7905 Metus Av.,Seogwipo,Volyn oblast,58871,Business,4/30/2024 20:25,Closed
100068,Imelda Buckley,tempus.eu@aol.net,velit@icloud.ca,502-1086 Nunc Rd.,Garzón,Hessen,92462,Personal,3/22/2024 20:44,Closed
100069,Willow Reyes,et.rutrum@outlook.edu,nisi.magna@aol.edu,719-9648 Consectetuer Ave,Huế,Leinster,60207,Business,4/8/2024 8:20,Closed
100070,Paul Hancock,in.scelerisque@hotmail.edu,scelerisque.scelerisque@google.couk,"Ap #362-7579 Elit, Street",Galway,Nordland,63068,Personal,4/7/2024 16:58,Closed
100071,Trevor Nolan,sed.dolor.fusce@aol.net,curae.donec@aol.com,"3114 Lorem, St.",Limón (Puerto Limón],North Kalimantan,44736,Business,9/4/2023 10:21,Closed
100072,Magee Lucas,at.pretium@protonmail.org,placerat.orci.lacus@icloud.ca,497-6307 Vitae Road,Dublin,Punjab,35573,Personal,4/30/2024 22:50,Open
100073,Dolan Bullock,tincidunt@google.org,fringilla.porttitor@google.edu,"Ap #402-2455 Iaculis, Avenue",Harlingen,Tyrol,73155,Business,4/7/2024 15:33,Closed
100074,Lucian Britt,porta.elit@outlook.ca,non.dui@hotmail.edu,"P.O. Box 463, 2466 Etiam Street",Levin,Minas Gerais,83621,Business,6/6/2023 23:23,Closed
100075,Lenore Fields,lacus@outlook.couk,ut.eros@aol.com,2394 Arcu. Rd.,Estevan,Kano,62239,Personal,1/14/2024 5:10,Closed
100076,Sandra Hill,adipiscing.elit@yahoo.com,porttitor.eros@protonmail.couk,Ap #235-6706 Molestie Rd.,Eschwege,Magallanes y Antártica Chilena,62844,Business,1/25/2024 13:45,Closed
100077,Clare Snyder,enim.etiam@icloud.ca,ut.sagittis@icloud.ca,Ap #540-8435 Nisi. St.,Bafra,Borno,99751,Business,12/5/2023 10:09,Open
100078,Melvin Short,quam.curabitur@yahoo.ca,semper.auctor@hotmail.edu,9959 Semper St.,Gwangyang,Tyumen Oblast,27136,Business,2/26/2024 13:18,Closed
100079,Zephania Gates,placerat.augue@icloud.couk,purus@outlook.net,2421 Mi Rd.,Völkermarkt,Arizona,64656,Business,9/12/2023 16:11,Open
100080,Justina Johnson,aenean.sed@google.org,mus.proin@outlook.net,Ap #360-2197 Natoque St.,Nicoya,Arequipa,26379,Personal,10/29/2023 8:40,Closed
100081,Erasmus O'donnell,luctus@outlook.ca,eleifend.nunc@outlook.net,514-9832 Hendrerit. Rd.,Manokwari,Canarias,33552,Personal,7/29/2023 4:17,Open
100082,Silas Alston,odio.nam.interdum@hotmail.couk,magna.duis.dignissim@google.org,Ap #372-757 Orci Avenue,George,Bicol Region,32416,Business,9/30/2023 4:52,Open
100083,Zahir Downs,consectetuer.euismod@icloud.edu,cum.sociis.natoque@yahoo.com,"Ap #644-3263 Felis, Avenue",Arequipa,Dōngběi,53841,Personal,6/28/2023 14:23,Open
100084,Charity Solomon,neque@google.org,ipsum.phasellus.vitae@google.couk,Ap #864-6900 Iaculis St.,Hermosillo,Cajamarca,41851,Business,10/9/2023 15:20,Open
100085,Ivy Schmidt,duis@outlook.ca,in.scelerisque@aol.ca,"3478 Felis, Av.",Jamoigne,Gävleborgs län,78768,Personal,10/21/2023 13:19,Closed
100086,Riley Hyde,sit.amet@protonmail.ca,praesent@hotmail.org,"P.O. Box 707, 3058 Vehicula. Av.",Lens,Arauca,76345,Personal,10/9/2023 15:37,Closed
100087,Phyllis Duffy,ridiculus.mus.aenean@outlook.net,mauris@google.org,Ap #701-1265 Neque Ave,Frankston,Huádōng,83786,Business,11/14/2023 11:52,Open
100088,Vivien Larson,diam@protonmail.com,phasellus@protonmail.com,9477 Fermentum Av.,Morrinsville,Zhōngnán,64831,Personal,3/11/2024 18:09,Closed
100089,Kibo Small,vivamus.rhoncus@google.net,risus.varius@icloud.couk,"P.O. Box 723, 5566 Ut St.",Utrecht,Australian Capital Territory,86885,Personal,2/6/2024 23:51,Closed
100090,Quin Craft,eget@hotmail.couk,eu.tellus@yahoo.ca,Ap #936-4577 Massa. Road,Jilin,Vestfold og Telemark,66752,Personal,11/20/2023 2:42,Closed
100091,Jeremy Singleton,nascetur.ridiculus.mus@hotmail.com,semper.nam@aol.couk,"P.O. Box 814, 4684 Donec St.",Silvassa,Yukon,88841,Personal,12/13/2023 9:40,Open
100092,Erin Spencer,maecenas@google.net,mauris.ut.quam@google.com,"P.O. Box 760, 1019 Imperdiet St.",Buenaventura,Ontario,22843,Personal,1/16/2024 17:03,Open
100093,Lenore Drake,tincidunt.dui@hotmail.couk,molestie.dapibus.ligula@aol.net,897-8826 Aliquam Avenue,Muzzafarabad,Languedoc-Roussillon,46823,Business,4/22/2024 22:45,Open
100094,Hall Lowe,amet.luctus.vulputate@aol.couk,nec.leo@yahoo.org,"P.O. Box 176, 4069 Orci. Ave",Halifax,La Rioja,52316,Personal,12/12/2023 15:34,Open
100095,Barbara Austin,velit@outlook.couk,aliquam.nec.enim@outlook.couk,Ap #719-7129 Feugiat Av.,Mount Pearl,South Island,85965,Business,1/25/2024 6:46,Open
100096,Haviva Santana,et.ultrices@google.edu,conubia.nostra@aol.edu,649-6061 Cum Avenue,Jeju,South Island,86171,Personal,9/1/2023 12:30,Closed
100097,Veda Atkins,aliquam.tincidunt@outlook.org,velit.justo@yahoo.com,Ap #416-5091 Vitae Rd.,Temuka,Selkirkshire,78459,Personal,7/24/2023 14:17,Open
100098,Genevieve Ball,cum@google.com,ullamcorper.nisl@aol.couk,"P.O. Box 472, 4367 Duis Rd.",Almere,Central Region,47742,Business,9/24/2023 18:24,Open
100099,Paula Wilkins,ut.nisi@icloud.edu,lectus.quis@yahoo.org,Ap #904-5052 Phasellus Rd.,Adelaide,Utrecht,59271,Personal,11/30/2023 10:14,Closed
100100,Sylvia Rasmussen,turpis@outlook.couk,urna.suscipit@outlook.com,615-2846 Nunc Road,Sujawal,Heredia,71466,Personal,5/30/2023 21:06,Open
100101,Rahim Potter,iaculis.odio@yahoo.couk,sagittis.placerat@aol.edu,204 Praesent Street,Volgograd,Ulster,53427,Business,6/23/2023 4:40,Open
100102,Galvin Good,fusce@hotmail.org,luctus.aliquet@icloud.couk,Ap #698-7680 Nulla Av.,Varena,North Island,73274,Personal,10/26/2023 7:07,Open
100103,Leonard Joyner,vitae.velit.egestas@hotmail.org,dolor.tempus@protonmail.com,6307 Libero Rd.,Caldera,Jharkhand,39636,Business,9/6/2023 13:27,Open
100104,Abbot Poole,at.iaculis@icloud.couk,faucibus.lectus@hotmail.com,730-1833 Ipsum. Avenue,Pondicherry,Ninh Thuận,40872,Personal,12/7/2023 5:23,Open
100105,Brittany Roberts,nunc.lectus.pede@google.net,nullam.enim.sed@outlook.com,"Ap #694-5984 Ornare, Avenue",Korosten,West Nusa Tenggara,93716,Personal,7/1/2023 11:58,Open
100106,Mollie Frank,risus.nulla.eget@icloud.org,euismod.ac@yahoo.edu,"P.O. Box 735, 435 Vestibulum St.",Jönköping,Oslo,85077,Business,12/14/2023 2:04,Open
100107,Stella Leblanc,vestibulum@google.edu,viverra.donec@yahoo.couk,Ap #988-3777 Pede. Av.,Buôn Ma Thuột,Tripura,35235,Personal,6/1/2023 17:06,Open
100108,Maggie Yang,et.magnis@aol.edu,nec.cursus@hotmail.couk,684-6993 Orci. Street,Daman,Western Australia,23807,Personal,10/23/2023 3:08,Open
100109,Quinn Lindsay,ridiculus.mus@yahoo.edu,nullam.lobortis@icloud.org,"Ap #697-5707 Nec, Rd.",Queanbeyan,Baja California,96391,Business,6/14/2023 5:42,Open
100110,Lawrence Schmidt,eget.odio@hotmail.org,massa.integer@yahoo.com,Ap #434-3376 Enim. Street,Bad Dürkheim,Tyrol,61045,Personal,9/14/2023 23:32,Closed
100111,Claudia Sosa,habitant.morbi.tristique@hotmail.ca,in.nec@protonmail.net,"P.O. Box 246, 2731 Dolor Ave",Gifhorn,Ternopil oblast,86648,Personal,9/28/2023 17:26,Open
100112,Paula Medina,in.faucibus.orci@hotmail.org,neque.non.quam@yahoo.com,345-3582 Inceptos St.,Cádiz,Wyoming,72894,Business,5/31/2023 0:37,Open
100113,Rae May,ut.molestie@icloud.ca,tincidunt.dui@outlook.ca,203-4979 Non Rd.,Belfast,Balochistan,73347,Personal,6/22/2023 19:47,Closed
100114,Zelenia Fields,mauris.ut.mi@google.edu,enim.diam.vel@google.edu,5505 Enim Road,Puntarenas,Guainía,92736,Business,1/4/2024 9:35,Closed
100115,Dacey Raymond,egestas.nunc@hotmail.com,molestie.tortor@yahoo.ca,"P.O. Box 965, 1733 Molestie Ave",Berlin,Illes Balears,99632,Personal,9/3/2023 20:16,Open
100116,Abraham Conrad,morbi.tristique@hotmail.net,elit.nulla@aol.couk,325-8617 Sed Avenue,Cork,Nordland,99748,Personal,3/22/2024 12:32,Open
100117,Leo Bonner,aliquam.rutrum@aol.ca,sem.molestie.sodales@protonmail.couk,"7651 Tincidunt, Av.",Río Ibáñez,Maranhão,53568,Personal,5/27/2023 5:42,Open
100118,Cameron Molina,arcu@hotmail.ca,ipsum.curabitur.consequat@hotmail.couk,644-325 Neque Rd.,Lạng Sơn,Eastern Cape,56234,Personal,5/22/2023 18:13,Closed
100119,Mufutau Willis,dolor@yahoo.edu,accumsan.sed@yahoo.ca,"409-2751 Semper, Av.",Belfast,Kahramanmaraş,11336,Business,12/21/2023 4:30,Closed
100120,Jocelyn Giles,ornare.egestas@google.edu,mauris.molestie@hotmail.com,Ap #477-1365 Etiam Road,Whangarei,Khyber Pakhtoonkhwa,90894,Personal,1/19/2024 1:54,Open
100121,Sigourney Hooper,vitae.velit.egestas@outlook.edu,proin.nisl.sem@google.org,"468-6547 Sapien, Street",Sapele,San José,89621,Personal,12/3/2023 5:49,Closed
100122,Desirae Meadows,vel.venenatis@hotmail.org,non.egestas@google.couk,Ap #945-9982 Ligula. Ave,Dnipro,Casanare,74451,Business,12/26/2023 15:00,Closed
100123,Brendan Hamilton,dictum.eu@outlook.ca,egestas.sed.pharetra@aol.net,5896 Imperdiet Rd.,Iksan,Bremen,23335,Business,6/5/2023 5:34,Closed
100124,Jemima Downs,in@aol.couk,eu@outlook.net,636-9917 Ultricies St.,Alcobendas,Minas Gerais,33837,Personal,12/14/2023 19:34,Closed
100125,Gray Hoffman,augue.ac.ipsum@outlook.com,justo@yahoo.com,"P.O. Box 812, 4292 Fringilla Avenue",Lerum,Principado de Asturias,75748,Business,4/26/2024 4:25,Open
100126,Jason Ray,mauris.erat@protonmail.edu,nec.tempus@outlook.edu,"P.O. Box 786, 8063 Urna. Av.",Gwangmyeong,Salzburg,29654,Business,2/26/2024 23:01,Closed
100127,Addison Gilliam,odio.phasellus.at@hotmail.couk,nisi.sem.semper@outlook.couk,"P.O. Box 719, 5248 Dolor. Rd.",Périgueux,Brandenburg,46843,Business,4/25/2024 20:14,Closed
100128,Jarrod Davidson,ac.ipsum.phasellus@icloud.couk,arcu.ac@outlook.net,489-4569 Eu Road,Lambayeque,Goiás,24623,Business,1/23/2024 10:43,Open
100129,Neve Burgess,curabitur.sed.tortor@protonmail.com,vitae@icloud.org,980-9658 Arcu St.,Rodez,FATA,34328,Personal,7/2/2023 18:13,Open
100130,Cherokee Hayes,sed.auctor@hotmail.org,mattis.integer@protonmail.ca,"P.O. Box 107, 5479 Posuere Avenue",Gore,Bayern,51811,Business,6/8/2023 17:40,Closed
100131,Jack Witt,diam.at.pretium@outlook.net,vestibulum.nec@hotmail.org,"108-6950 Eleifend, Street",Zhejiang,Tamaulipas,40148,Business,4/2/2024 3:47,Closed
100132,Quin Delacruz,taciti.sociosqu.ad@aol.edu,sed.dui@outlook.couk,4953 Quam. Avenue,Canberra,KwaZulu-Natal,85464,Personal,5/5/2023 3:47,Open
100133,Belle Best,scelerisque.neque@yahoo.com,imperdiet.ornare@outlook.com,7929 Pellentesque Av.,Jeju,Munster,81518,Personal,8/17/2023 0:32,Closed
100134,Ella Vaughan,cursus.a.enim@hotmail.net,risus.varius@yahoo.ca,"Ap #748-2305 Est, Av.",Oosterhout,Nova Scotia,47728,Business,12/7/2023 10:59,Open
100135,Samuel Bruce,risus.varius@icloud.ca,libero.et@outlook.edu,792-7181 Egestas St.,Kaluga,Gaziantep,69653,Personal,10/12/2023 16:04,Open
100136,Asher Hamilton,morbi.non@aol.org,sed.libero.proin@icloud.org,"P.O. Box 452, 9376 Interdum Av.",Galway,Arauca,31742,Personal,3/2/2024 17:53,Closed
100137,Lance Hoover,dapibus.quam@yahoo.net,bibendum.sed@outlook.com,705-4314 Velit. St.,Butuan,Huádōng,94237,Personal,4/30/2024 3:12,Open
100138,Gavin Mckenzie,at@aol.org,dis.parturient@hotmail.org,"P.O. Box 347, 5017 Ut Avenue",Harstad,Namen,17467,Personal,12/29/2023 13:37,Closed
100139,Cleo Shaw,gravida@protonmail.com,purus.maecenas.libero@aol.com,329-9906 Eros Road,Jilin,Mecklenburg-Vorpommern,56933,Personal,2/15/2024 9:57,Open
100140,Nero Little,dui@icloud.net,metus.aenean@yahoo.org,947-940 Lobortis Avenue,Yeongju,Đắk Nông,53112,Personal,1/5/2024 23:47,Closed
100141,Louis Tate,duis.at.lacus@hotmail.edu,donec.non.justo@outlook.com,"P.O. Box 167, 5511 Mauris Road",Leirvik,Baja California,48518,Business,9/29/2023 7:23,Open
100142,Avram Roman,ut@hotmail.edu,aliquam.nec.enim@protonmail.com,Ap #495-4007 Feugiat Road,Illkirch-Graffenstaden,Connacht,74688,Personal,7/12/2023 10:13,Open
100143,Irma Abbott,turpis.nulla@yahoo.net,libero.nec.ligula@hotmail.net,Ap #535-7008 Fusce St.,Kitzbühel,Ontario,52637,Business,10/18/2023 12:30,Open
100144,Amethyst Long,id@google.com,vestibulum.lorem.sit@protonmail.ca,Ap #967-8296 Nascetur Avenue,Arendonk,FATA,72150,Personal,2/12/2024 18:07,Open
100145,Imani Harding,dui@hotmail.edu,luctus.et@outlook.org,833-1433 Cubilia Rd.,Arequipa,Hawaii,21697,Personal,8/9/2023 10:13,Closed
100146,Cole Howard,ut.lacus@outlook.ca,lorem.ipsum.dolor@outlook.net,Ap #239-1483 Eros St.,Sens,Balochistan,86891,Personal,6/20/2023 8:04,Closed
100147,Claire Bowers,aliquet.odio.etiam@outlook.couk,donec.tempor@google.edu,6453 Et Rd.,Flin Flon,New South Wales,12700,Personal,9/30/2023 0:20,Open
100148,Edward Travis,fringilla.euismod@protonmail.ca,fringilla.est.mauris@google.couk,Ap #935-8020 Vitae Street,Kirov,Caquetá,88336,Business,11/29/2023 6:00,Closed
100149,Paul Levy,non.nisi@icloud.org,morbi.accumsan@outlook.net,690-8983 Elit. Road,North Waziristan,Salzburg,43341,Business,2/6/2024 20:36,Open
100150,Burton Owens,quis.diam.pellentesque@aol.org,curabitur.consequat@icloud.net,Ap #139-7107 Quam Rd.,Oamaru,Tamil Nadu,21858,Personal,6/13/2023 8:34,Closed
100151,Ryder Boyd,volutpat.nunc@protonmail.ca,mauris.aliquam@outlook.couk,"Ap #845-8583 Cursus, Road",Cusco,Bangsamoro,37627,Business,1/2/2024 9:03,Open
100152,Jamal Ratliff,sem.nulla@hotmail.org,aliquet.diam@google.couk,803-2368 Natoque Ave,Mukachevo,Comunitat Valenciana,11421,Business,4/8/2024 19:58,Open
100153,Derek Baird,euismod.et@protonmail.ca,vestibulum@hotmail.com,8033 Vestibulum Ave,Lasbela,Agder,26357,Business,10/8/2023 1:49,Open
100154,Abbot Roberts,fusce.aliquam@outlook.org,orci@icloud.com,Ap #668-2612 Phasellus Ave,Cork,Junín,42653,Personal,7/21/2023 10:26,Open
100155,Dillon Stewart,fermentum.risus.at@protonmail.com,diam@icloud.org,"P.O. Box 507, 730 Faucibus Ave",Hamburg,Luik,43191,Business,5/20/2023 7:12,Open
100156,Sharon Jordan,eu.tellus@google.net,ipsum.non.arcu@google.edu,123-5937 Phasellus St.,Gapan,Gauteng,25862,Business,7/7/2023 7:07,Open
100157,Samson Jefferson,cursus@protonmail.org,non.lorem@protonmail.net,Ap #858-4054 Mauris Av.,Segovia,Rogaland,47238,Business,4/18/2024 16:46,Closed
100158,Montana Moreno,mauris.rhoncus@hotmail.org,vel.faucibus@yahoo.couk,"P.O. Box 800, 9906 Lorem, Rd.",Oordegem,Östergötlands län,20213,Personal,11/9/2023 16:11,Closed
100159,Guy Keith,sed@aol.com,vel@protonmail.couk,128-9625 Quis Road,Skien,Zuid Holland,45627,Personal,8/19/2023 0:41,Closed
100160,Kyle Goodman,sapien.cras@icloud.couk,lobortis@aol.couk,156-9523 Diam. Rd.,Bajaur Agency,Hamburg,42888,Personal,4/15/2024 2:25,Open
100161,Bert Owen,risus.odio@hotmail.com,duis@aol.edu,"117-5076 Quis, Avenue",Vladimir,Aquitaine,33422,Personal,6/11/2023 17:33,Open
100162,Brenden Hoover,elementum@yahoo.couk,magna.praesent@protonmail.net,"2857 At, Street",San José del Guaviare,North West,76614,Business,3/21/2024 7:52,Open
100163,Felix Ramos,sem.pellentesque@outlook.couk,pellentesque.eget.dictum@yahoo.net,659-2645 Suspendisse Rd.,Vienna,Euskadi,34883,Business,4/24/2024 0:40,Closed
100164,Audra Dixon,nisl@outlook.couk,quisque.imperdiet.erat@hotmail.net,483-7984 Et Av.,Homburg,Huádōng,53741,Personal,2/1/2024 16:51,Closed
100165,Galena Randall,imperdiet@aol.org,aliquam.erat@yahoo.com,124-3559 Quisque St.,Orhangazi,Bursa,69977,Personal,10/25/2023 12:50,Closed
100166,Murphy Boone,eu@outlook.net,lacinia@aol.net,739-8197 Eu Road,Novgorod,Vestfold og Telemark,26271,Personal,2/10/2024 0:09,Open
100167,Dana Perry,ipsum@icloud.com,convallis.ante.lectus@yahoo.ca,"557-3029 Augue, Ave",Nässjö,Azad Kashmir,49856,Personal,6/19/2023 2:26,Open
100168,Leroy Wolfe,justo.sit@yahoo.com,ut.quam.vel@google.edu,557-7595 Odio St.,Newcastle,East Kalimantan,13933,Business,2/1/2024 19:37,Closed
100169,Phoebe Fry,arcu@protonmail.com,et.ultrices@google.edu,Ap #746-7934 Egestas. Street,Shanghai,Xīběi,33875,Personal,9/21/2023 0:59,Open
100170,Ebony Wyatt,leo.elementum@google.net,sit.amet@aol.com,222-2172 Sapien. Rd.,Yurimaguas,La Rioja,55138,Business,7/20/2023 19:28,Open
100171,Kasimir Valenzuela,gravida@yahoo.edu,lobortis.mauris@protonmail.org,"P.O. Box 849, 4852 Tincidunt, St.",Fort Providence,Huádōng,29537,Business,9/8/2023 14:27,Closed
100172,Rowan Munoz,vitae.aliquet@aol.couk,ultrices@google.couk,Ap #627-6106 Purus Street,Puerto Princesa,Maine,38504,Personal,3/17/2024 20:20,Open
100173,Blake Tate,non@hotmail.com,pretium.aliquet@outlook.couk,165-9883 Justo. Avenue,Dasmariñas,Pomorskie,63924,Business,11/22/2023 12:49,Open
100174,Colin Gilliam,a.ultricies@hotmail.ca,ornare@outlook.com,"P.O. Box 762, 2583 Proin Av.",Pskov,Xīběi,44217,Personal,1/6/2024 2:37,Closed
100175,Bruno Boyle,ultrices.mauris@yahoo.couk,pharetra.nam@icloud.ca,Ap #140-2655 Viverra. Ave,Kirkcaldy,Gauteng,37151,Personal,8/19/2023 5:41,Open
100176,Erich Albert,at.egestas@protonmail.couk,quis.massa@protonmail.edu,"P.O. Box 716, 7013 Scelerisque Rd.",Fort Good Hope,Navarra,36329,Personal,12/29/2023 14:08,Closed
100177,Cameron Perez,dolor.sit@google.couk,neque@aol.com,619-1272 Sed Rd.,Smolensk,Wisconsin,43975,Business,1/12/2024 9:22,Open
100178,Stacy Erickson,eu.odio@google.org,non.magna@icloud.edu,Ap #504-4659 Erat Avenue,Bad Oldesloe,New Brunswick,23315,Business,5/21/2023 8:49,Closed
100179,Slade King,egestas.fusce.aliquet@outlook.org,suscipit@aol.ca,598-2562 Lacus. Rd.,Ambon,South Sumatra,16257,Personal,8/19/2023 1:14,Closed
100180,Mia Silva,nec.eleifend.non@outlook.com,habitant.morbi.tristique@protonmail.edu,3993 Vitae Av.,Sogamoso,Manisa,21304,Personal,3/15/2024 0:31,Closed
100181,Katelyn Benton,purus.in@aol.org,sed.malesuada@yahoo.com,Ap #525-4858 Elementum Av.,Afşin,Gaziantep,56369,Personal,9/10/2023 17:52,Closed
100182,Zane Weaver,commodo.ipsum@protonmail.com,nec.tempus@icloud.com,231-3791 Interdum Rd.,Rivne,Tennessee,63518,Personal,12/25/2023 11:04,Closed
100183,Galvin Duke,feugiat@yahoo.ca,ultrices.iaculis@hotmail.ca,Ap #311-4196 Ipsum. Street,Chagai,Maluku,72175,Business,5/30/2023 6:29,Closed
100184,Kirsten Norris,massa.quisque@icloud.org,nec.luctus.felis@outlook.com,444-5271 Congue. Rd.,Davenport,Northern Cape,46438,Personal,4/11/2024 2:39,Closed
100185,Erasmus Watson,egestas.a@outlook.edu,amet.consectetuer@outlook.couk,785-5952 Erat Street,Fogo,Limpopo,81258,Personal,10/8/2023 1:40,Closed
100186,Carol Combs,malesuada.fames.ac@yahoo.com,semper.nam.tempor@hotmail.edu,"Ap #448-6539 Nostra, Street","Parchim	City",Agder,21916,Business,6/25/2023 9:55,Closed
100187,Adrienne Rowe,duis.mi@icloud.ca,vivamus.sit@outlook.com,Ap #760-7307 Metus Ave,Leticia,Friuli-Venezia Giulia,79208,Personal,5/2/2024 4:03,Open
100188,Brent Silva,pede@protonmail.net,in.sodales.elit@outlook.couk,261-9891 Adipiscing Avenue,Cork,Davao Region,77971,Personal,6/20/2023 20:02,Open
100189,Veda Stevens,aenean.euismod.mauris@protonmail.edu,ut.semper@yahoo.couk,266-5756 Convallis St.,Ceuta,Xīnán,51744,Business,8/9/2023 9:42,Closed
100190,Ria Poole,gravida.molestie.arcu@icloud.edu,eu.dui@hotmail.edu,Ap #236-520 Cras St.,Paarl,North Island,64257,Personal,4/28/2024 3:19,Closed
100191,Indira Copeland,arcu.vestibulum@yahoo.ca,nam.tempor.diam@hotmail.couk,553-2758 At Ave,Alto del Carmen,Lower Austria,81145,Personal,6/26/2023 22:30,Closed
100192,Madison Stein,aliquam@hotmail.org,sodales.elit@aol.net,373-1826 Convallis Avenue,Tibet,Basilicata,61377,Business,5/8/2023 8:26,Closed
100193,Nash Davenport,integer.urna.vivamus@yahoo.edu,id.enim@outlook.edu,Ap #341-9122 Ipsum Rd.,Saint-Dizier,Antofagasta,21445,Business,9/20/2023 13:11,Open
100194,Baxter Macdonald,dolor@outlook.ca,sed.eu.eros@aol.net,Ap #868-8705 Neque Av.,Diano Arentino,Veneto,46556,Business,11/15/2023 21:39,Closed
100195,Celeste Bradford,mauris.magna@google.com,ac.orci.ut@google.couk,222-9091 Amet Av.,Markkleeberg,Bali,37277,Business,2/18/2024 17:14,Open
100196,Jarrod Mcdaniel,hendrerit.a@yahoo.com,pharetra.nibh@icloud.edu,253-2753 Nec Road,Louisville,Swiętokrzyskie,29695,Business,7/19/2023 15:15,Open
100197,Hammett Bowman,eleifend.cras@yahoo.com,nibh.donec.est@icloud.ca,Ap #271-8107 Velit Street,Vinh,Victoria,64175,Business,5/2/2024 0:31,Open
100198,Oren Hartman,non.sapien@icloud.net,ut.eros@outlook.com,864-3827 Non Av.,Nadrin,Stockholms län,35453,Personal,1/13/2024 13:54,Open
100199,Abra Swanson,consectetuer.ipsum@outlook.edu,erat.eget@yahoo.net,Ap #871-1490 Tempor Rd.,Oamaru,Uttarakhand,37412,Personal,11/19/2023 14:02,Closed
